{"cameraMode":{"drawMode":0,"name":"Shaded","section":"Shading Mode"},"sceneLighting":true,"audioPlay":false,"sceneViewState":{"m_AlwaysRefresh":false,"showFog":true,"showSkybox":true,"showFlares":true,"showImageEffects":true,"showParticleSystems":true,"showVisualEffectGraphs":true,"m_FxEnabled":true},"in2DMode":false,"pivot":{"x":3.2530922889709474,"y":-43.82634735107422,"z":-57.55174255371094},"rotation":{"x":-0.004435709677636623,"y":-0.9533446431159973,"z":0.30150866508483889,"w":-0.014024714939296246},"size":46.33662796020508,"orthographic":false}